timestamp,road_id,vehicle_count,current_speed_kmh,density,stress_level
1,AB,0,40.0,0.0,0.0
1,BA,0,40.0,0.0,0.0
1,BC,0,40.0,0.0,0.0
1,CB,0,40.0,0.0,0.0
1,CD,0,40.0,0.0,0.0
1,DC,0,40.0,0.0,0.0
1,EF,0,50.0,0.0,0.0
1,FE,0,50.0,0.0,0.0
1,FG,0,50.0,0.0,0.5
1,GF,0,50.0,0.0,0.5
1,GH,0,50.0,0.0,0.0
1,HG,0,50.0,0.0,0.0
1,IJ,0,50.0,0.0,0.0
1,JI,0,50.0,0.0,0.0
1,JK,0,50.0,0.0,0.0
1,KJ,0,50.0,0.0,0.0
1,KL,0,50.0,0.0,0.0
1,LK,0,50.0,0.0,0.0
1,MN,0,40.0,0.0,0.0
1,NM,0,40.0,0.0,0.0
1,NO,0,40.0,0.0,0.0
1,ON,0,40.0,0.0,0.0
1,OP,0,40.0,0.0,0.0
1,PO,0,40.0,0.0,0.0
1,AE,10,20.0,1.0,0.5
1,EA,0,40.0,0.0,0.0
1,BF,0,40.0,0.0,0.0
1,FB,0,40.0,0.0,0.0
1,CG,0,40.0,0.0,0.0
1,GC,0,40.0,0.0,0.0
1,DH,0,40.0,0.0,0.0
1,HD,0,40.0,0.0,0.0
1,EI,0,40.0,0.0,0.0
1,IE,0,40.0,0.0,0.0
1,FJ,0,40.0,0.0,0.0
1,JF,0,40.0,0.0,0.0
1,GK,0,40.0,0.0,0.0
1,KG,0,40.0,0.0,0.0
1,HL,0,40.0,0.0,0.0
1,LH,0,40.0,0.0,0.0
1,IM,0,40.0,0.0,0.0
1,MI,0,40.0,0.0,0.0
1,JN,0,40.0,0.0,0.0
1,NJ,0,40.0,0.0,0.0
1,KO,0,40.0,0.0,0.0
1,OK,0,40.0,0.0,0.0
1,LP,0,40.0,0.0,0.0
1,PL,0,40.0,0.0,0.0
2,AB,0,40.0,0.0,0.0
2,BA,0,40.0,0.0,0.0
2,BC,0,40.0,0.0,0.0
2,CB,0,40.0,0.0,0.0
2,CD,0,40.0,0.0,0.0
2,DC,0,40.0,0.0,0.0
2,EF,0,50.0,0.0,0.0
2,FE,0,50.0,0.0,0.0
2,FG,0,50.0,0.0,0.5
2,GF,0,50.0,0.0,0.5
2,GH,0,50.0,0.0,0.0
2,HG,0,50.0,0.0,0.0
2,IJ,0,50.0,0.0,0.0
2,JI,0,50.0,0.0,0.0
2,JK,0,50.0,0.0,0.0
2,KJ,0,50.0,0.0,0.0
2,KL,0,50.0,0.0,0.0
2,LK,0,50.0,0.0,0.0
2,MN,0,40.0,0.0,0.0
2,NM,0,40.0,0.0,0.0
2,NO,0,40.0,0.0,0.0
2,ON,0,40.0,0.0,0.0
2,OP,0,40.0,0.0,0.0
2,PO,0,40.0,0.0,0.0
2,AE,10,20.0,1.0,0.5
2,EA,0,40.0,0.0,0.0
2,BF,0,40.0,0.0,0.0
2,FB,0,40.0,0.0,0.0
2,CG,0,40.0,0.0,0.0
2,GC,0,40.0,0.0,0.0
2,DH,0,40.0,0.0,0.0
2,HD,0,40.0,0.0,0.0
2,EI,0,40.0,0.0,0.0
2,IE,0,40.0,0.0,0.0
2,FJ,0,40.0,0.0,0.0
2,JF,0,40.0,0.0,0.0
2,GK,0,40.0,0.0,0.0
2,KG,0,40.0,0.0,0.0
2,HL,0,40.0,0.0,0.0
2,LH,0,40.0,0.0,0.0
2,IM,0,40.0,0.0,0.0
2,MI,0,40.0,0.0,0.0
2,JN,0,40.0,0.0,0.0
2,NJ,0,40.0,0.0,0.0
2,KO,0,40.0,0.0,0.0
2,OK,0,40.0,0.0,0.0
2,LP,0,40.0,0.0,0.0
2,PL,0,40.0,0.0,0.0
3,AB,0,40.0,0.0,0.0
3,BA,0,40.0,0.0,0.0
3,BC,0,40.0,0.0,0.0
3,CB,0,40.0,0.0,0.0
3,CD,0,40.0,0.0,0.0
3,DC,0,40.0,0.0,0.0
3,EF,0,50.0,0.0,0.0
3,FE,0,50.0,0.0,0.0
3,FG,0,50.0,0.0,0.5
3,GF,0,50.0,0.0,0.5
3,GH,0,50.0,0.0,0.0
3,HG,0,50.0,0.0,0.0
3,IJ,0,50.0,0.0,0.0
3,JI,0,50.0,0.0,0.0
3,JK,0,50.0,0.0,0.0
3,KJ,0,50.0,0.0,0.0
3,KL,0,50.0,0.0,0.0
3,LK,0,50.0,0.0,0.0
3,MN,0,40.0,0.0,0.0
3,NM,0,40.0,0.0,0.0
3,NO,0,40.0,0.0,0.0
3,ON,0,40.0,0.0,0.0
3,OP,0,40.0,0.0,0.0
3,PO,0,40.0,0.0,0.0
3,AE,10,20.0,1.0,0.5
3,EA,0,40.0,0.0,0.0
3,BF,0,40.0,0.0,0.0
3,FB,0,40.0,0.0,0.0
3,CG,0,40.0,0.0,0.0
3,GC,0,40.0,0.0,0.0
3,DH,0,40.0,0.0,0.0
3,HD,0,40.0,0.0,0.0
3,EI,0,40.0,0.0,0.0
3,IE,0,40.0,0.0,0.0
3,FJ,0,40.0,0.0,0.0
3,JF,0,40.0,0.0,0.0
3,GK,0,40.0,0.0,0.0
3,KG,0,40.0,0.0,0.0
3,HL,0,40.0,0.0,0.0
3,LH,0,40.0,0.0,0.0
3,IM,0,40.0,0.0,0.0
3,MI,0,40.0,0.0,0.0
3,JN,0,40.0,0.0,0.0
3,NJ,0,40.0,0.0,0.0
3,KO,0,40.0,0.0,0.0
3,OK,0,40.0,0.0,0.0
3,LP,0,40.0,0.0,0.0
3,PL,0,40.0,0.0,0.0
4,AB,10,20.0,1.0,0.5
4,BA,0,40.0,0.0,0.0
4,BC,0,40.0,0.0,0.0
4,CB,0,40.0,0.0,0.0
4,CD,0,40.0,0.0,0.0
4,DC,0,40.0,0.0,0.0
4,EF,0,50.0,0.0,0.0
4,FE,0,50.0,0.0,0.0
4,FG,0,50.0,0.0,0.5
4,GF,0,50.0,0.0,0.5
4,GH,0,50.0,0.0,0.0
4,HG,0,50.0,0.0,0.0
4,IJ,0,50.0,0.0,0.0
4,JI,0,50.0,0.0,0.0
4,JK,0,50.0,0.0,0.0
4,KJ,0,50.0,0.0,0.0
4,KL,0,50.0,0.0,0.0
4,LK,0,50.0,0.0,0.0
4,MN,0,40.0,0.0,0.0
4,NM,0,40.0,0.0,0.0
4,NO,0,40.0,0.0,0.0
4,ON,0,40.0,0.0,0.0
4,OP,0,40.0,0.0,0.0
4,PO,0,40.0,0.0,0.0
4,AE,0,40.0,0.0,0.0
4,EA,0,40.0,0.0,0.0
4,BF,0,40.0,0.0,0.0
4,FB,0,40.0,0.0,0.0
4,CG,0,40.0,0.0,0.0
4,GC,0,40.0,0.0,0.0
4,DH,0,40.0,0.0,0.0
4,HD,0,40.0,0.0,0.0
4,EI,0,40.0,0.0,0.0
4,IE,0,40.0,0.0,0.0
4,FJ,0,40.0,0.0,0.0
4,JF,0,40.0,0.0,0.0
4,GK,0,40.0,0.0,0.0
4,KG,0,40.0,0.0,0.0
4,HL,0,40.0,0.0,0.0
4,LH,0,40.0,0.0,0.0
4,IM,0,40.0,0.0,0.0
4,MI,0,40.0,0.0,0.0
4,JN,0,40.0,0.0,0.0
4,NJ,0,40.0,0.0,0.0
4,KO,0,40.0,0.0,0.0
4,OK,0,40.0,0.0,0.0
4,LP,0,40.0,0.0,0.0
4,PL,0,40.0,0.0,0.0
5,AB,10,20.0,1.0,0.5
5,BA,0,40.0,0.0,0.0
5,BC,0,40.0,0.0,0.0
5,CB,0,40.0,0.0,0.0
5,CD,0,40.0,0.0,0.0
5,DC,0,40.0,0.0,0.0
5,EF,0,50.0,0.0,0.0
5,FE,0,50.0,0.0,0.0
5,FG,0,50.0,0.0,0.5
5,GF,0,50.0,0.0,0.5
5,GH,0,50.0,0.0,0.0
5,HG,0,50.0,0.0,0.0
5,IJ,0,50.0,0.0,0.0
5,JI,0,50.0,0.0,0.0
5,JK,0,50.0,0.0,0.0
5,KJ,0,50.0,0.0,0.0
5,KL,0,50.0,0.0,0.0
5,LK,0,50.0,0.0,0.0
5,MN,0,40.0,0.0,0.0
5,NM,0,40.0,0.0,0.0
5,NO,0,40.0,0.0,0.0
5,ON,0,40.0,0.0,0.0
5,OP,0,40.0,0.0,0.0
5,PO,0,40.0,0.0,0.0
5,AE,8,28.0,0.8,0.24
5,EA,0,40.0,0.0,0.0
5,BF,0,40.0,0.0,0.0
5,FB,0,40.0,0.0,0.0
5,CG,0,40.0,0.0,0.0
5,GC,0,40.0,0.0,0.0
5,DH,0,40.0,0.0,0.0
5,HD,0,40.0,0.0,0.0
5,EI,0,40.0,0.0,0.0
5,IE,0,40.0,0.0,0.0
5,FJ,0,40.0,0.0,0.0
5,JF,0,40.0,0.0,0.0
5,GK,0,40.0,0.0,0.0
5,KG,0,40.0,0.0,0.0
5,HL,0,40.0,0.0,0.0
5,LH,0,40.0,0.0,0.0
5,IM,0,40.0,0.0,0.0
5,MI,0,40.0,0.0,0.0
5,JN,0,40.0,0.0,0.0
5,NJ,0,40.0,0.0,0.0
5,KO,0,40.0,0.0,0.0
5,OK,0,40.0,0.0,0.0
5,LP,0,40.0,0.0,0.0
5,PL,0,40.0,0.0,0.0
6,AB,7,32.0,0.7,0.14
6,BA,0,40.0,0.0,0.0
6,BC,0,40.0,0.0,0.0
6,CB,0,40.0,0.0,0.0
6,CD,0,40.0,0.0,0.0
6,DC,0,40.0,0.0,0.0
6,EF,0,50.0,0.0,0.0
6,FE,0,50.0,0.0,0.0
6,FG,0,50.0,0.0,0.5
6,GF,0,50.0,0.0,0.5
6,GH,0,50.0,0.0,0.0
6,HG,0,50.0,0.0,0.0
6,IJ,0,50.0,0.0,0.0
6,JI,0,50.0,0.0,0.0
6,JK,0,50.0,0.0,0.0
6,KJ,0,50.0,0.0,0.0
6,KL,0,50.0,0.0,0.0
6,LK,0,50.0,0.0,0.0
6,MN,0,40.0,0.0,0.0
6,NM,0,40.0,0.0,0.0
6,NO,0,40.0,0.0,0.0
6,ON,0,40.0,0.0,0.0
6,OP,0,40.0,0.0,0.0
6,PO,0,40.0,0.0,0.0
6,AE,10,20.0,1.0,0.5
6,EA,0,40.0,0.0,0.0
6,BF,0,40.0,0.0,0.0
6,FB,0,40.0,0.0,0.0
6,CG,0,40.0,0.0,0.0
6,GC,0,40.0,0.0,0.0
6,DH,0,40.0,0.0,0.0
6,HD,0,40.0,0.0,0.0
6,EI,0,40.0,0.0,0.0
6,IE,0,40.0,0.0,0.0
6,FJ,0,40.0,0.0,0.0
6,JF,0,40.0,0.0,0.0
6,GK,0,40.0,0.0,0.0
6,KG,0,40.0,0.0,0.0
6,HL,0,40.0,0.0,0.0
6,LH,0,40.0,0.0,0.0
6,IM,0,40.0,0.0,0.0
6,MI,0,40.0,0.0,0.0
6,JN,0,40.0,0.0,0.0
6,NJ,0,40.0,0.0,0.0
6,KO,0,40.0,0.0,0.0
6,OK,0,40.0,0.0,0.0
6,LP,0,40.0,0.0,0.0
6,PL,0,40.0,0.0,0.0
7,AB,10,20.0,1.0,0.5
7,BA,0,40.0,0.0,0.0
7,BC,0,40.0,0.0,0.0
7,CB,0,40.0,0.0,0.0
7,CD,0,40.0,0.0,0.0
7,DC,0,40.0,0.0,0.0
7,EF,0,50.0,0.0,0.0
7,FE,0,50.0,0.0,0.0
7,FG,0,50.0,0.0,0.5
7,GF,0,50.0,0.0,0.5
7,GH,0,50.0,0.0,0.0
7,HG,0,50.0,0.0,0.0
7,IJ,0,50.0,0.0,0.0
7,JI,0,50.0,0.0,0.0
7,JK,0,50.0,0.0,0.0
7,KJ,0,50.0,0.0,0.0
7,KL,0,50.0,0.0,0.0
7,LK,0,50.0,0.0,0.0
7,MN,0,40.0,0.0,0.0
7,NM,0,40.0,0.0,0.0
7,NO,0,40.0,0.0,0.0
7,ON,0,40.0,0.0,0.0
7,OP,0,40.0,0.0,0.0
7,PO,0,40.0,0.0,0.0
7,AE,3,40.0,0.3,0.0
7,EA,0,40.0,0.0,0.0
7,BF,0,40.0,0.0,0.0
7,FB,0,40.0,0.0,0.0
7,CG,0,40.0,0.0,0.0
7,GC,0,40.0,0.0,0.0
7,DH,0,40.0,0.0,0.0
7,HD,0,40.0,0.0,0.0
7,EI,0,40.0,0.0,0.0
7,IE,0,40.0,0.0,0.0
7,FJ,0,40.0,0.0,0.0
7,JF,0,40.0,0.0,0.0
7,GK,0,40.0,0.0,0.0
7,KG,0,40.0,0.0,0.0
7,HL,0,40.0,0.0,0.0
7,LH,0,40.0,0.0,0.0
7,IM,0,40.0,0.0,0.0
7,MI,0,40.0,0.0,0.0
7,JN,0,40.0,0.0,0.0
7,NJ,0,40.0,0.0,0.0
7,KO,0,40.0,0.0,0.0
7,OK,0,40.0,0.0,0.0
7,LP,0,40.0,0.0,0.0
7,PL,0,40.0,0.0,0.0
8,AB,10,20.0,1.0,0.5
8,BA,0,40.0,0.0,0.0
8,BC,0,40.0,0.0,0.0
8,CB,0,40.0,0.0,0.0
8,CD,0,40.0,0.0,0.0
8,DC,0,40.0,0.0,0.0
8,EF,0,50.0,0.0,0.0
8,FE,0,50.0,0.0,0.0
8,FG,0,50.0,0.0,0.5
8,GF,0,50.0,0.0,0.5
8,GH,0,50.0,0.0,0.0
8,HG,0,50.0,0.0,0.0
8,IJ,0,50.0,0.0,0.0
8,JI,0,50.0,0.0,0.0
8,JK,0,50.0,0.0,0.0
8,KJ,0,50.0,0.0,0.0
8,KL,0,50.0,0.0,0.0
8,LK,0,50.0,0.0,0.0
8,MN,0,40.0,0.0,0.0
8,NM,0,40.0,0.0,0.0
8,NO,0,40.0,0.0,0.0
8,ON,0,40.0,0.0,0.0
8,OP,0,40.0,0.0,0.0
8,PO,0,40.0,0.0,0.0
8,AE,8,28.0,0.8,0.24
8,EA,0,40.0,0.0,0.0
8,BF,0,40.0,0.0,0.0
8,FB,0,40.0,0.0,0.0
8,CG,0,40.0,0.0,0.0
8,GC,0,40.0,0.0,0.0
8,DH,0,40.0,0.0,0.0
8,HD,0,40.0,0.0,0.0
8,EI,0,40.0,0.0,0.0
8,IE,0,40.0,0.0,0.0
8,FJ,0,40.0,0.0,0.0
8,JF,0,40.0,0.0,0.0
8,GK,0,40.0,0.0,0.0
8,KG,0,40.0,0.0,0.0
8,HL,0,40.0,0.0,0.0
8,LH,0,40.0,0.0,0.0
8,IM,0,40.0,0.0,0.0
8,MI,0,40.0,0.0,0.0
8,JN,0,40.0,0.0,0.0
8,NJ,0,40.0,0.0,0.0
8,KO,0,40.0,0.0,0.0
8,OK,0,40.0,0.0,0.0
8,LP,0,40.0,0.0,0.0
8,PL,0,40.0,0.0,0.0
9,AB,7,32.0,0.7,0.14
9,BA,0,40.0,0.0,0.0
9,BC,0,40.0,0.0,0.0
9,CB,0,40.0,0.0,0.0
9,CD,0,40.0,0.0,0.0
9,DC,0,40.0,0.0,0.0
9,EF,0,50.0,0.0,0.0
9,FE,0,50.0,0.0,0.0
9,FG,0,50.0,0.0,0.5
9,GF,0,50.0,0.0,0.5
9,GH,0,50.0,0.0,0.0
9,HG,0,50.0,0.0,0.0
9,IJ,0,50.0,0.0,0.0
9,JI,0,50.0,0.0,0.0
9,JK,0,50.0,0.0,0.0
9,KJ,0,50.0,0.0,0.0
9,KL,0,50.0,0.0,0.0
9,LK,0,50.0,0.0,0.0
9,MN,0,40.0,0.0,0.0
9,NM,0,40.0,0.0,0.0
9,NO,0,40.0,0.0,0.0
9,ON,0,40.0,0.0,0.0
9,OP,0,40.0,0.0,0.0
9,PO,0,40.0,0.0,0.0
9,AE,10,20.0,1.0,0.5
9,EA,0,40.0,0.0,0.0
9,BF,0,40.0,0.0,0.0
9,FB,0,40.0,0.0,0.0
9,CG,0,40.0,0.0,0.0
9,GC,0,40.0,0.0,0.0
9,DH,0,40.0,0.0,0.0
9,HD,0,40.0,0.0,0.0
9,EI,0,40.0,0.0,0.0
9,IE,0,40.0,0.0,0.0
9,FJ,0,40.0,0.0,0.0
9,JF,0,40.0,0.0,0.0
9,GK,0,40.0,0.0,0.0
9,KG,0,40.0,0.0,0.0
9,HL,0,40.0,0.0,0.0
9,LH,0,40.0,0.0,0.0
9,IM,0,40.0,0.0,0.0
9,MI,0,40.0,0.0,0.0
9,JN,0,40.0,0.0,0.0
9,NJ,0,40.0,0.0,0.0
9,KO,0,40.0,0.0,0.0
9,OK,0,40.0,0.0,0.0
9,LP,0,40.0,0.0,0.0
9,PL,0,40.0,0.0,0.0
10,AB,10,20.0,1.0,0.5
10,BA,0,40.0,0.0,0.0
10,BC,0,40.0,0.0,0.0
10,CB,0,40.0,0.0,0.0
10,CD,0,40.0,0.0,0.0
10,DC,0,40.0,0.0,0.0
10,EF,0,50.0,0.0,0.0
10,FE,0,50.0,0.0,0.0
10,FG,0,50.0,0.0,0.5
10,GF,0,50.0,0.0,0.5
10,GH,0,50.0,0.0,0.0
10,HG,0,50.0,0.0,0.0
10,IJ,0,50.0,0.0,0.0
10,JI,0,50.0,0.0,0.0
10,JK,0,50.0,0.0,0.0
10,KJ,0,50.0,0.0,0.0
10,KL,0,50.0,0.0,0.0
10,LK,0,50.0,0.0,0.0
10,MN,0,40.0,0.0,0.0
10,NM,0,40.0,0.0,0.0
10,NO,0,40.0,0.0,0.0
10,ON,0,40.0,0.0,0.0
10,OP,0,40.0,0.0,0.0
10,PO,0,40.0,0.0,0.0
10,AE,8,28.0,0.8,0.24
10,EA,0,40.0,0.0,0.0
10,BF,0,40.0,0.0,0.0
10,FB,0,40.0,0.0,0.0
10,CG,0,40.0,0.0,0.0
10,GC,0,40.0,0.0,0.0
10,DH,0,40.0,0.0,0.0
10,HD,0,40.0,0.0,0.0
10,EI,0,40.0,0.0,0.0
10,IE,0,40.0,0.0,0.0
10,FJ,0,40.0,0.0,0.0
10,JF,0,40.0,0.0,0.0
10,GK,0,40.0,0.0,0.0
10,KG,0,40.0,0.0,0.0
10,HL,0,40.0,0.0,0.0
10,LH,0,40.0,0.0,0.0
10,IM,0,40.0,0.0,0.0
10,MI,0,40.0,0.0,0.0
10,JN,0,40.0,0.0,0.0
10,NJ,0,40.0,0.0,0.0
10,KO,0,40.0,0.0,0.0
10,OK,0,40.0,0.0,0.0
10,LP,0,40.0,0.0,0.0
10,PL,0,40.0,0.0,0.0
11,AB,7,32.0,0.7,0.14
11,BA,0,40.0,0.0,0.0
11,BC,0,40.0,0.0,0.0
11,CB,0,40.0,0.0,0.0
11,CD,0,40.0,0.0,0.0
11,DC,0,40.0,0.0,0.0
11,EF,0,50.0,0.0,0.0
11,FE,0,50.0,0.0,0.0
11,FG,0,50.0,0.0,0.5
11,GF,0,50.0,0.0,0.5
11,GH,0,50.0,0.0,0.0
11,HG,0,50.0,0.0,0.0
11,IJ,0,50.0,0.0,0.0
11,JI,0,50.0,0.0,0.0
11,JK,0,50.0,0.0,0.0
11,KJ,0,50.0,0.0,0.0
11,KL,0,50.0,0.0,0.0
11,LK,0,50.0,0.0,0.0
11,MN,0,40.0,0.0,0.0
11,NM,0,40.0,0.0,0.0
11,NO,0,40.0,0.0,0.0
11,ON,0,40.0,0.0,0.0
11,OP,0,40.0,0.0,0.0
11,PO,0,40.0,0.0,0.0
11,AE,10,20.0,1.0,0.5
11,EA,0,40.0,0.0,0.0
11,BF,0,40.0,0.0,0.0
11,FB,0,40.0,0.0,0.0
11,CG,0,40.0,0.0,0.0
11,GC,0,40.0,0.0,0.0
11,DH,0,40.0,0.0,0.0
11,HD,0,40.0,0.0,0.0
11,EI,0,40.0,0.0,0.0
11,IE,0,40.0,0.0,0.0
11,FJ,0,40.0,0.0,0.0
11,JF,0,40.0,0.0,0.0
11,GK,0,40.0,0.0,0.0
11,KG,0,40.0,0.0,0.0
11,HL,0,40.0,0.0,0.0
11,LH,0,40.0,0.0,0.0
11,IM,0,40.0,0.0,0.0
11,MI,0,40.0,0.0,0.0
11,JN,0,40.0,0.0,0.0
11,NJ,0,40.0,0.0,0.0
11,KO,0,40.0,0.0,0.0
11,OK,0,40.0,0.0,0.0
11,LP,0,40.0,0.0,0.0
11,PL,0,40.0,0.0,0.0
12,AB,10,20.0,1.0,0.5
12,BA,0,40.0,0.0,0.0
12,BC,0,40.0,0.0,0.0
12,CB,0,40.0,0.0,0.0
12,CD,0,40.0,0.0,0.0
12,DC,0,40.0,0.0,0.0
12,EF,0,50.0,0.0,0.0
12,FE,0,50.0,0.0,0.0
12,FG,0,50.0,0.0,0.5
12,GF,0,50.0,0.0,0.5
12,GH,0,50.0,0.0,0.0
12,HG,0,50.0,0.0,0.0
12,IJ,0,50.0,0.0,0.0
12,JI,0,50.0,0.0,0.0
12,JK,0,50.0,0.0,0.0
12,KJ,0,50.0,0.0,0.0
12,KL,0,50.0,0.0,0.0
12,LK,0,50.0,0.0,0.0
12,MN,0,40.0,0.0,0.0
12,NM,0,40.0,0.0,0.0
12,NO,0,40.0,0.0,0.0
12,ON,0,40.0,0.0,0.0
12,OP,0,40.0,0.0,0.0
12,PO,0,40.0,0.0,0.0
12,AE,8,28.0,0.8,0.24
12,EA,0,40.0,0.0,0.0
12,BF,0,40.0,0.0,0.0
12,FB,0,40.0,0.0,0.0
12,CG,0,40.0,0.0,0.0
12,GC,0,40.0,0.0,0.0
12,DH,0,40.0,0.0,0.0
12,HD,0,40.0,0.0,0.0
12,EI,0,40.0,0.0,0.0
12,IE,0,40.0,0.0,0.0
12,FJ,0,40.0,0.0,0.0
12,JF,0,40.0,0.0,0.0
12,GK,0,40.0,0.0,0.0
12,KG,0,40.0,0.0,0.0
12,HL,0,40.0,0.0,0.0
12,LH,0,40.0,0.0,0.0
12,IM,0,40.0,0.0,0.0
12,MI,0,40.0,0.0,0.0
12,JN,0,40.0,0.0,0.0
12,NJ,0,40.0,0.0,0.0
12,KO,0,40.0,0.0,0.0
12,OK,0,40.0,0.0,0.0
12,LP,0,40.0,0.0,0.0
12,PL,0,40.0,0.0,0.0
13,AB,7,32.0,0.7,0.14
13,BA,0,40.0,0.0,0.0
13,BC,0,40.0,0.0,0.0
13,CB,0,40.0,0.0,0.0
13,CD,0,40.0,0.0,0.0
13,DC,0,40.0,0.0,0.0
13,EF,0,50.0,0.0,0.0
13,FE,0,50.0,0.0,0.0
13,FG,0,50.0,0.0,0.5
13,GF,0,50.0,0.0,0.5
13,GH,0,50.0,0.0,0.0
13,HG,0,50.0,0.0,0.0
13,IJ,0,50.0,0.0,0.0
13,JI,0,50.0,0.0,0.0
13,JK,0,50.0,0.0,0.0
13,KJ,0,50.0,0.0,0.0
13,KL,0,50.0,0.0,0.0
13,LK,0,50.0,0.0,0.0
13,MN,0,40.0,0.0,0.0
13,NM,0,40.0,0.0,0.0
13,NO,0,40.0,0.0,0.0
13,ON,0,40.0,0.0,0.0
13,OP,0,40.0,0.0,0.0
13,PO,0,40.0,0.0,0.0
13,AE,10,20.0,1.0,0.5
13,EA,0,40.0,0.0,0.0
13,BF,0,40.0,0.0,0.0
13,FB,0,40.0,0.0,0.0
13,CG,0,40.0,0.0,0.0
13,GC,0,40.0,0.0,0.0
13,DH,0,40.0,0.0,0.0
13,HD,0,40.0,0.0,0.0
13,EI,0,40.0,0.0,0.0
13,IE,0,40.0,0.0,0.0
13,FJ,0,40.0,0.0,0.0
13,JF,0,40.0,0.0,0.0
13,GK,0,40.0,0.0,0.0
13,KG,0,40.0,0.0,0.0
13,HL,0,40.0,0.0,0.0
13,LH,0,40.0,0.0,0.0
13,IM,0,40.0,0.0,0.0
13,MI,0,40.0,0.0,0.0
13,JN,0,40.0,0.0,0.0
13,NJ,0,40.0,0.0,0.0
13,KO,0,40.0,0.0,0.0
13,OK,0,40.0,0.0,0.0
13,LP,0,40.0,0.0,0.0
13,PL,0,40.0,0.0,0.0
14,AB,10,20.0,1.0,0.5
14,BA,0,40.0,0.0,0.0
14,BC,0,40.0,0.0,0.0
14,CB,0,40.0,0.0,0.0
14,CD,0,40.0,0.0,0.0
14,DC,0,40.0,0.0,0.0
14,EF,0,50.0,0.0,0.0
14,FE,0,50.0,0.0,0.0
14,FG,0,50.0,0.0,0.5
14,GF,0,50.0,0.0,0.5
14,GH,0,50.0,0.0,0.0
14,HG,0,50.0,0.0,0.0
14,IJ,0,50.0,0.0,0.0
14,JI,0,50.0,0.0,0.0
14,JK,0,50.0,0.0,0.0
14,KJ,0,50.0,0.0,0.0
14,KL,0,50.0,0.0,0.0
14,LK,0,50.0,0.0,0.0
14,MN,0,40.0,0.0,0.0
14,NM,0,40.0,0.0,0.0
14,NO,0,40.0,0.0,0.0
14,ON,0,40.0,0.0,0.0
14,OP,0,40.0,0.0,0.0
14,PO,0,40.0,0.0,0.0
14,AE,8,28.0,0.8,0.24
14,EA,0,40.0,0.0,0.0
14,BF,0,40.0,0.0,0.0
14,FB,0,40.0,0.0,0.0
14,CG,0,40.0,0.0,0.0
14,GC,0,40.0,0.0,0.0
14,DH,0,40.0,0.0,0.0
14,HD,0,40.0,0.0,0.0
14,EI,0,40.0,0.0,0.0
14,IE,0,40.0,0.0,0.0
14,FJ,0,40.0,0.0,0.0
14,JF,0,40.0,0.0,0.0
14,GK,0,40.0,0.0,0.0
14,KG,0,40.0,0.0,0.0
14,HL,0,40.0,0.0,0.0
14,LH,0,40.0,0.0,0.0
14,IM,0,40.0,0.0,0.0
14,MI,0,40.0,0.0,0.0
14,JN,0,40.0,0.0,0.0
14,NJ,0,40.0,0.0,0.0
14,KO,0,40.0,0.0,0.0
14,OK,0,40.0,0.0,0.0
14,LP,0,40.0,0.0,0.0
14,PL,0,40.0,0.0,0.0
15,AB,10,20.0,1.0,0.5
15,BA,0,40.0,0.0,0.0
15,BC,0,40.0,0.0,0.0
15,CB,0,40.0,0.0,0.0
15,CD,0,40.0,0.0,0.0
15,DC,0,40.0,0.0,0.0
15,EF,0,50.0,0.0,0.0
15,FE,0,50.0,0.0,0.0
15,FG,0,50.0,0.0,0.5
15,GF,0,50.0,0.0,0.5
15,GH,0,50.0,0.0,0.0
15,HG,0,50.0,0.0,0.0
15,IJ,0,50.0,0.0,0.0
15,JI,0,50.0,0.0,0.0
15,JK,0,50.0,0.0,0.0
15,KJ,0,50.0,0.0,0.0
15,KL,0,50.0,0.0,0.0
15,LK,0,50.0,0.0,0.0
15,MN,0,40.0,0.0,0.0
15,NM,0,40.0,0.0,0.0
15,NO,0,40.0,0.0,0.0
15,ON,0,40.0,0.0,0.0
15,OP,0,40.0,0.0,0.0
15,PO,0,40.0,0.0,0.0
15,AE,8,28.0,0.8,0.24
15,EA,0,40.0,0.0,0.0
15,BF,0,40.0,0.0,0.0
15,FB,0,40.0,0.0,0.0
15,CG,0,40.0,0.0,0.0
15,GC,0,40.0,0.0,0.0
15,DH,0,40.0,0.0,0.0
15,HD,0,40.0,0.0,0.0
15,EI,0,40.0,0.0,0.0
15,IE,0,40.0,0.0,0.0
15,FJ,0,40.0,0.0,0.0
15,JF,0,40.0,0.0,0.0
15,GK,0,40.0,0.0,0.0
15,KG,0,40.0,0.0,0.0
15,HL,0,40.0,0.0,0.0
15,LH,0,40.0,0.0,0.0
15,IM,0,40.0,0.0,0.0
15,MI,0,40.0,0.0,0.0
15,JN,0,40.0,0.0,0.0
15,NJ,0,40.0,0.0,0.0
15,KO,0,40.0,0.0,0.0
15,OK,0,40.0,0.0,0.0
15,LP,0,40.0,0.0,0.0
15,PL,0,40.0,0.0,0.0
16,AB,3,40.0,0.3,0.0
16,BA,0,40.0,0.0,0.0
16,BC,0,40.0,0.0,0.0
16,CB,0,40.0,0.0,0.0
16,CD,0,40.0,0.0,0.0
16,DC,0,40.0,0.0,0.0
16,EF,0,50.0,0.0,0.0
16,FE,0,50.0,0.0,0.0
16,FG,0,50.0,0.0,0.5
16,GF,0,50.0,0.0,0.5
16,GH,0,50.0,0.0,0.0
16,HG,0,50.0,0.0,0.0
16,IJ,0,50.0,0.0,0.0
16,JI,0,50.0,0.0,0.0
16,JK,0,50.0,0.0,0.0
16,KJ,0,50.0,0.0,0.0
16,KL,0,50.0,0.0,0.0
16,LK,0,50.0,0.0,0.0
16,MN,0,40.0,0.0,0.0
16,NM,0,40.0,0.0,0.0
16,NO,0,40.0,0.0,0.0
16,ON,0,40.0,0.0,0.0
16,OP,0,40.0,0.0,0.0
16,PO,0,40.0,0.0,0.0
16,AE,10,20.0,1.0,0.5
16,EA,0,40.0,0.0,0.0
16,BF,0,40.0,0.0,0.0
16,FB,0,40.0,0.0,0.0
16,CG,0,40.0,0.0,0.0
16,GC,0,40.0,0.0,0.0
16,DH,0,40.0,0.0,0.0
16,HD,0,40.0,0.0,0.0
16,EI,0,40.0,0.0,0.0
16,IE,0,40.0,0.0,0.0
16,FJ,0,40.0,0.0,0.0
16,JF,0,40.0,0.0,0.0
16,GK,0,40.0,0.0,0.0
16,KG,0,40.0,0.0,0.0
16,HL,0,40.0,0.0,0.0
16,LH,0,40.0,0.0,0.0
16,IM,0,40.0,0.0,0.0
16,MI,0,40.0,0.0,0.0
16,JN,0,40.0,0.0,0.0
16,NJ,0,40.0,0.0,0.0
16,KO,0,40.0,0.0,0.0
16,OK,0,40.0,0.0,0.0
16,LP,0,40.0,0.0,0.0
16,PL,0,40.0,0.0,0.0
17,AB,8,28.0,0.8,0.24
17,BA,0,40.0,0.0,0.0
17,BC,0,40.0,0.0,0.0
17,CB,0,40.0,0.0,0.0
17,CD,0,40.0,0.0,0.0
17,DC,0,40.0,0.0,0.0
17,EF,0,50.0,0.0,0.0
17,FE,0,50.0,0.0,0.0
17,FG,0,50.0,0.0,0.5
17,GF,0,50.0,0.0,0.5
17,GH,0,50.0,0.0,0.0
17,HG,0,50.0,0.0,0.0
17,IJ,0,50.0,0.0,0.0
17,JI,0,50.0,0.0,0.0
17,JK,0,50.0,0.0,0.0
17,KJ,0,50.0,0.0,0.0
17,KL,0,50.0,0.0,0.0
17,LK,0,50.0,0.0,0.0
17,MN,0,40.0,0.0,0.0
17,NM,0,40.0,0.0,0.0
17,NO,0,40.0,0.0,0.0
17,ON,0,40.0,0.0,0.0
17,OP,0,40.0,0.0,0.0
17,PO,0,40.0,0.0,0.0
17,AE,10,20.0,1.0,0.5
17,EA,0,40.0,0.0,0.0
17,BF,0,40.0,0.0,0.0
17,FB,0,40.0,0.0,0.0
17,CG,0,40.0,0.0,0.0
17,GC,0,40.0,0.0,0.0
17,DH,0,40.0,0.0,0.0
17,HD,0,40.0,0.0,0.0
17,EI,0,40.0,0.0,0.0
17,IE,0,40.0,0.0,0.0
17,FJ,0,40.0,0.0,0.0
17,JF,0,40.0,0.0,0.0
17,GK,0,40.0,0.0,0.0
17,KG,0,40.0,0.0,0.0
17,HL,0,40.0,0.0,0.0
17,LH,0,40.0,0.0,0.0
17,IM,0,40.0,0.0,0.0
17,MI,0,40.0,0.0,0.0
17,JN,0,40.0,0.0,0.0
17,NJ,0,40.0,0.0,0.0
17,KO,0,40.0,0.0,0.0
17,OK,0,40.0,0.0,0.0
17,LP,0,40.0,0.0,0.0
17,PL,0,40.0,0.0,0.0
18,AB,10,20.0,1.0,0.5
18,BA,0,40.0,0.0,0.0
18,BC,0,40.0,0.0,0.0
18,CB,0,40.0,0.0,0.0
18,CD,0,40.0,0.0,0.0
18,DC,0,40.0,0.0,0.0
18,EF,0,50.0,0.0,0.0
18,FE,0,50.0,0.0,0.0
18,FG,0,50.0,0.0,0.5
18,GF,0,50.0,0.0,0.5
18,GH,0,50.0,0.0,0.0
18,HG,0,50.0,0.0,0.0
18,IJ,0,50.0,0.0,0.0
18,JI,0,50.0,0.0,0.0
18,JK,0,50.0,0.0,0.0
18,KJ,0,50.0,0.0,0.0
18,KL,0,50.0,0.0,0.0
18,LK,0,50.0,0.0,0.0
18,MN,0,40.0,0.0,0.0
18,NM,0,40.0,0.0,0.0
18,NO,0,40.0,0.0,0.0
18,ON,0,40.0,0.0,0.0
18,OP,0,40.0,0.0,0.0
18,PO,0,40.0,0.0,0.0
18,AE,9,24.0,0.9,0.36
18,EA,0,40.0,0.0,0.0
18,BF,0,40.0,0.0,0.0
18,FB,0,40.0,0.0,0.0
18,CG,0,40.0,0.0,0.0
18,GC,0,40.0,0.0,0.0
18,DH,0,40.0,0.0,0.0
18,HD,0,40.0,0.0,0.0
18,EI,0,40.0,0.0,0.0
18,IE,0,40.0,0.0,0.0
18,FJ,0,40.0,0.0,0.0
18,JF,0,40.0,0.0,0.0
18,GK,0,40.0,0.0,0.0
18,KG,0,40.0,0.0,0.0
18,HL,0,40.0,0.0,0.0
18,LH,0,40.0,0.0,0.0
18,IM,0,40.0,0.0,0.0
18,MI,0,40.0,0.0,0.0
18,JN,0,40.0,0.0,0.0
18,NJ,0,40.0,0.0,0.0
18,KO,0,40.0,0.0,0.0
18,OK,0,40.0,0.0,0.0
18,LP,0,40.0,0.0,0.0
18,PL,0,40.0,0.0,0.0
19,AB,8,28.0,0.8,0.24
19,BA,0,40.0,0.0,0.0
19,BC,0,40.0,0.0,0.0
19,CB,0,40.0,0.0,0.0
19,CD,0,40.0,0.0,0.0
19,DC,0,40.0,0.0,0.0
19,EF,0,50.0,0.0,0.0
19,FE,0,50.0,0.0,0.0
19,FG,0,50.0,0.0,0.5
19,GF,0,50.0,0.0,0.5
19,GH,0,50.0,0.0,0.0
19,HG,0,50.0,0.0,0.0
19,IJ,0,50.0,0.0,0.0
19,JI,0,50.0,0.0,0.0
19,JK,0,50.0,0.0,0.0
19,KJ,0,50.0,0.0,0.0
19,KL,0,50.0,0.0,0.0
19,LK,0,50.0,0.0,0.0
19,MN,0,40.0,0.0,0.0
19,NM,0,40.0,0.0,0.0
19,NO,0,40.0,0.0,0.0
19,ON,0,40.0,0.0,0.0
19,OP,0,40.0,0.0,0.0
19,PO,0,40.0,0.0,0.0
19,AE,10,20.0,1.0,0.5
19,EA,0,40.0,0.0,0.0
19,BF,0,40.0,0.0,0.0
19,FB,0,40.0,0.0,0.0
19,CG,0,40.0,0.0,0.0
19,GC,0,40.0,0.0,0.0
19,DH,0,40.0,0.0,0.0
19,HD,0,40.0,0.0,0.0
19,EI,0,40.0,0.0,0.0
19,IE,0,40.0,0.0,0.0
19,FJ,0,40.0,0.0,0.0
19,JF,0,40.0,0.0,0.0
19,GK,0,40.0,0.0,0.0
19,KG,0,40.0,0.0,0.0
19,HL,0,40.0,0.0,0.0
19,LH,0,40.0,0.0,0.0
19,IM,0,40.0,0.0,0.0
19,MI,0,40.0,0.0,0.0
19,JN,0,40.0,0.0,0.0
19,NJ,0,40.0,0.0,0.0
19,KO,0,40.0,0.0,0.0
19,OK,0,40.0,0.0,0.0
19,LP,0,40.0,0.0,0.0
19,PL,0,40.0,0.0,0.0
20,AB,10,20.0,1.0,0.5
20,BA,0,40.0,0.0,0.0
20,BC,0,40.0,0.0,0.0
20,CB,0,40.0,0.0,0.0
20,CD,0,40.0,0.0,0.0
20,DC,0,40.0,0.0,0.0
20,EF,0,50.0,0.0,0.0
20,FE,0,50.0,0.0,0.0
20,FG,0,50.0,0.0,0.5
20,GF,0,50.0,0.0,0.5
20,GH,0,50.0,0.0,0.0
20,HG,0,50.0,0.0,0.0
20,IJ,0,50.0,0.0,0.0
20,JI,0,50.0,0.0,0.0
20,JK,0,50.0,0.0,0.0
20,KJ,0,50.0,0.0,0.0
20,KL,0,50.0,0.0,0.0
20,LK,0,50.0,0.0,0.0
20,MN,0,40.0,0.0,0.0
20,NM,0,40.0,0.0,0.0
20,NO,0,40.0,0.0,0.0
20,ON,0,40.0,0.0,0.0
20,OP,0,40.0,0.0,0.0
20,PO,0,40.0,0.0,0.0
20,AE,8,28.0,0.8,0.24
20,EA,0,40.0,0.0,0.0
20,BF,0,40.0,0.0,0.0
20,FB,0,40.0,0.0,0.0
20,CG,0,40.0,0.0,0.0
20,GC,0,40.0,0.0,0.0
20,DH,0,40.0,0.0,0.0
20,HD,0,40.0,0.0,0.0
20,EI,0,40.0,0.0,0.0
20,IE,0,40.0,0.0,0.0
20,FJ,0,40.0,0.0,0.0
20,JF,0,40.0,0.0,0.0
20,GK,0,40.0,0.0,0.0
20,KG,0,40.0,0.0,0.0
20,HL,0,40.0,0.0,0.0
20,LH,0,40.0,0.0,0.0
20,IM,0,40.0,0.0,0.0
20,MI,0,40.0,0.0,0.0
20,JN,0,40.0,0.0,0.0
20,NJ,0,40.0,0.0,0.0
20,KO,0,40.0,0.0,0.0
20,OK,0,40.0,0.0,0.0
20,LP,0,40.0,0.0,0.0
20,PL,0,40.0,0.0,0.0
21,AB,8,28.0,0.8,0.24
21,BA,0,40.0,0.0,0.0
21,BC,0,40.0,0.0,0.0
21,CB,0,40.0,0.0,0.0
21,CD,0,40.0,0.0,0.0
21,DC,0,40.0,0.0,0.0
21,EF,0,50.0,0.0,0.0
21,FE,0,50.0,0.0,0.0
21,FG,0,50.0,0.0,0.5
21,GF,0,50.0,0.0,0.5
21,GH,0,50.0,0.0,0.0
21,HG,0,50.0,0.0,0.0
21,IJ,0,50.0,0.0,0.0
21,JI,0,50.0,0.0,0.0
21,JK,0,50.0,0.0,0.0
21,KJ,0,50.0,0.0,0.0
21,KL,0,50.0,0.0,0.0
21,LK,0,50.0,0.0,0.0
21,MN,0,40.0,0.0,0.0
21,NM,0,40.0,0.0,0.0
21,NO,0,40.0,0.0,0.0
21,ON,0,40.0,0.0,0.0
21,OP,0,40.0,0.0,0.0
21,PO,0,40.0,0.0,0.0
21,AE,10,20.0,1.0,0.5
21,EA,0,40.0,0.0,0.0
21,BF,0,40.0,0.0,0.0
21,FB,0,40.0,0.0,0.0
21,CG,0,40.0,0.0,0.0
21,GC,0,40.0,0.0,0.0
21,DH,0,40.0,0.0,0.0
21,HD,0,40.0,0.0,0.0
21,EI,0,40.0,0.0,0.0
21,IE,0,40.0,0.0,0.0
21,FJ,0,40.0,0.0,0.0
21,JF,0,40.0,0.0,0.0
21,GK,0,40.0,0.0,0.0
21,KG,0,40.0,0.0,0.0
21,HL,0,40.0,0.0,0.0
21,LH,0,40.0,0.0,0.0
21,IM,0,40.0,0.0,0.0
21,MI,0,40.0,0.0,0.0
21,JN,0,40.0,0.0,0.0
21,NJ,0,40.0,0.0,0.0
21,KO,0,40.0,0.0,0.0
21,OK,0,40.0,0.0,0.0
21,LP,0,40.0,0.0,0.0
21,PL,0,40.0,0.0,0.0
22,AB,10,20.0,1.0,0.5
22,BA,0,40.0,0.0,0.0
22,BC,0,40.0,0.0,0.0
22,CB,0,40.0,0.0,0.0
22,CD,0,40.0,0.0,0.0
22,DC,0,40.0,0.0,0.0
22,EF,0,50.0,0.0,0.0
22,FE,0,50.0,0.0,0.0
22,FG,0,50.0,0.0,0.5
22,GF,0,50.0,0.0,0.5
22,GH,0,50.0,0.0,0.0
22,HG,0,50.0,0.0,0.0
22,IJ,0,50.0,0.0,0.0
22,JI,0,50.0,0.0,0.0
22,JK,0,50.0,0.0,0.0
22,KJ,0,50.0,0.0,0.0
22,KL,0,50.0,0.0,0.0
22,LK,0,50.0,0.0,0.0
22,MN,0,40.0,0.0,0.0
22,NM,0,40.0,0.0,0.0
22,NO,0,40.0,0.0,0.0
22,ON,0,40.0,0.0,0.0
22,OP,0,40.0,0.0,0.0
22,PO,0,40.0,0.0,0.0
22,AE,9,24.0,0.9,0.36
22,EA,0,40.0,0.0,0.0
22,BF,0,40.0,0.0,0.0
22,FB,0,40.0,0.0,0.0
22,CG,0,40.0,0.0,0.0
22,GC,0,40.0,0.0,0.0
22,DH,0,40.0,0.0,0.0
22,HD,0,40.0,0.0,0.0
22,EI,0,40.0,0.0,0.0
22,IE,0,40.0,0.0,0.0
22,FJ,0,40.0,0.0,0.0
22,JF,0,40.0,0.0,0.0
22,GK,0,40.0,0.0,0.0
22,KG,0,40.0,0.0,0.0
22,HL,0,40.0,0.0,0.0
22,LH,0,40.0,0.0,0.0
22,IM,0,40.0,0.0,0.0
22,MI,0,40.0,0.0,0.0
22,JN,0,40.0,0.0,0.0
22,NJ,0,40.0,0.0,0.0
22,KO,0,40.0,0.0,0.0
22,OK,0,40.0,0.0,0.0
22,LP,0,40.0,0.0,0.0
22,PL,0,40.0,0.0,0.0
23,AB,10,20.0,1.0,0.5
23,BA,0,40.0,0.0,0.0
23,BC,0,40.0,0.0,0.0
23,CB,0,40.0,0.0,0.0
23,CD,0,40.0,0.0,0.0
23,DC,0,40.0,0.0,0.0
23,EF,0,50.0,0.0,0.0
23,FE,0,50.0,0.0,0.0
23,FG,0,50.0,0.0,0.5
23,GF,0,50.0,0.0,0.5
23,GH,0,50.0,0.0,0.0
23,HG,0,50.0,0.0,0.0
23,IJ,0,50.0,0.0,0.0
23,JI,0,50.0,0.0,0.0
23,JK,0,50.0,0.0,0.0
23,KJ,0,50.0,0.0,0.0
23,KL,0,50.0,0.0,0.0
23,LK,0,50.0,0.0,0.0
23,MN,0,40.0,0.0,0.0
23,NM,0,40.0,0.0,0.0
23,NO,0,40.0,0.0,0.0
23,ON,0,40.0,0.0,0.0
23,OP,0,40.0,0.0,0.0
23,PO,0,40.0,0.0,0.0
23,AE,10,20.0,1.0,0.5
23,EA,0,40.0,0.0,0.0
23,BF,0,40.0,0.0,0.0
23,FB,0,40.0,0.0,0.0
23,CG,0,40.0,0.0,0.0
23,GC,0,40.0,0.0,0.0
23,DH,0,40.0,0.0,0.0
23,HD,0,40.0,0.0,0.0
23,EI,0,40.0,0.0,0.0
23,IE,0,40.0,0.0,0.0
23,FJ,0,40.0,0.0,0.0
23,JF,0,40.0,0.0,0.0
23,GK,0,40.0,0.0,0.0
23,KG,0,40.0,0.0,0.0
23,HL,0,40.0,0.0,0.0
23,LH,0,40.0,0.0,0.0
23,IM,0,40.0,0.0,0.0
23,MI,0,40.0,0.0,0.0
23,JN,0,40.0,0.0,0.0
23,NJ,0,40.0,0.0,0.0
23,KO,0,40.0,0.0,0.0
23,OK,0,40.0,0.0,0.0
23,LP,0,40.0,0.0,0.0
23,PL,0,40.0,0.0,0.0
24,AB,10,20.0,1.0,0.5
24,BA,0,40.0,0.0,0.0
24,BC,0,40.0,0.0,0.0
24,CB,0,40.0,0.0,0.0
24,CD,0,40.0,0.0,0.0
24,DC,0,40.0,0.0,0.0
24,EF,0,50.0,0.0,0.0
24,FE,0,50.0,0.0,0.0
24,FG,0,50.0,0.0,0.5
24,GF,0,50.0,0.0,0.5
24,GH,0,50.0,0.0,0.0
24,HG,0,50.0,0.0,0.0
24,IJ,0,50.0,0.0,0.0
24,JI,0,50.0,0.0,0.0
24,JK,0,50.0,0.0,0.0
24,KJ,0,50.0,0.0,0.0
24,KL,0,50.0,0.0,0.0
24,LK,0,50.0,0.0,0.0
24,MN,0,40.0,0.0,0.0
24,NM,0,40.0,0.0,0.0
24,NO,0,40.0,0.0,0.0
24,ON,0,40.0,0.0,0.0
24,OP,0,40.0,0.0,0.0
24,PO,0,40.0,0.0,0.0
24,AE,10,20.0,1.0,0.5
24,EA,0,40.0,0.0,0.0
24,BF,0,40.0,0.0,0.0
24,FB,0,40.0,0.0,0.0
24,CG,0,40.0,0.0,0.0
24,GC,0,40.0,0.0,0.0
24,DH,0,40.0,0.0,0.0
24,HD,0,40.0,0.0,0.0
24,EI,0,40.0,0.0,0.0
24,IE,0,40.0,0.0,0.0
24,FJ,0,40.0,0.0,0.0
24,JF,0,40.0,0.0,0.0
24,GK,0,40.0,0.0,0.0
24,KG,0,40.0,0.0,0.0
24,HL,0,40.0,0.0,0.0
24,LH,0,40.0,0.0,0.0
24,IM,0,40.0,0.0,0.0
24,MI,0,40.0,0.0,0.0
24,JN,0,40.0,0.0,0.0
24,NJ,0,40.0,0.0,0.0
24,KO,0,40.0,0.0,0.0
24,OK,0,40.0,0.0,0.0
24,LP,0,40.0,0.0,0.0
24,PL,0,40.0,0.0,0.0
25,AB,10,20.0,1.0,0.5
25,BA,0,40.0,0.0,0.0
25,BC,0,40.0,0.0,0.0
25,CB,0,40.0,0.0,0.0
25,CD,0,40.0,0.0,0.0
25,DC,0,40.0,0.0,0.0
25,EF,0,50.0,0.0,0.0
25,FE,0,50.0,0.0,0.0
25,FG,0,50.0,0.0,0.5
25,GF,0,50.0,0.0,0.5
25,GH,0,50.0,0.0,0.0
25,HG,0,50.0,0.0,0.0
25,IJ,0,50.0,0.0,0.0
25,JI,0,50.0,0.0,0.0
25,JK,0,50.0,0.0,0.0
25,KJ,0,50.0,0.0,0.0
25,KL,0,50.0,0.0,0.0
25,LK,0,50.0,0.0,0.0
25,MN,0,40.0,0.0,0.0
25,NM,0,40.0,0.0,0.0
25,NO,0,40.0,0.0,0.0
25,ON,0,40.0,0.0,0.0
25,OP,0,40.0,0.0,0.0
25,PO,0,40.0,0.0,0.0
25,AE,10,20.0,1.0,0.5
25,EA,0,40.0,0.0,0.0
25,BF,0,40.0,0.0,0.0
25,FB,0,40.0,0.0,0.0
25,CG,0,40.0,0.0,0.0
25,GC,0,40.0,0.0,0.0
25,DH,0,40.0,0.0,0.0
25,HD,0,40.0,0.0,0.0
25,EI,0,40.0,0.0,0.0
25,IE,0,40.0,0.0,0.0
25,FJ,0,40.0,0.0,0.0
25,JF,0,40.0,0.0,0.0
25,GK,0,40.0,0.0,0.0
25,KG,0,40.0,0.0,0.0
25,HL,0,40.0,0.0,0.0
25,LH,0,40.0,0.0,0.0
25,IM,0,40.0,0.0,0.0
25,MI,0,40.0,0.0,0.0
25,JN,0,40.0,0.0,0.0
25,NJ,0,40.0,0.0,0.0
25,KO,0,40.0,0.0,0.0
25,OK,0,40.0,0.0,0.0
25,LP,0,40.0,0.0,0.0
25,PL,0,40.0,0.0,0.0
26,AB,10,20.0,1.0,0.5
26,BA,0,40.0,0.0,0.0
26,BC,0,40.0,0.0,0.0
26,CB,0,40.0,0.0,0.0
26,CD,0,40.0,0.0,0.0
26,DC,0,40.0,0.0,0.0
26,EF,0,50.0,0.0,0.0
26,FE,0,50.0,0.0,0.0
26,FG,0,50.0,0.0,0.5
26,GF,0,50.0,0.0,0.5
26,GH,0,50.0,0.0,0.0
26,HG,0,50.0,0.0,0.0
26,IJ,0,50.0,0.0,0.0
26,JI,0,50.0,0.0,0.0
26,JK,0,50.0,0.0,0.0
26,KJ,0,50.0,0.0,0.0
26,KL,0,50.0,0.0,0.0
26,LK,0,50.0,0.0,0.0
26,MN,0,40.0,0.0,0.0
26,NM,0,40.0,0.0,0.0
26,NO,0,40.0,0.0,0.0
26,ON,0,40.0,0.0,0.0
26,OP,0,40.0,0.0,0.0
26,PO,0,40.0,0.0,0.0
26,AE,10,20.0,1.0,0.5
26,EA,0,40.0,0.0,0.0
26,BF,0,40.0,0.0,0.0
26,FB,0,40.0,0.0,0.0
26,CG,0,40.0,0.0,0.0
26,GC,0,40.0,0.0,0.0
26,DH,0,40.0,0.0,0.0
26,HD,0,40.0,0.0,0.0
26,EI,0,40.0,0.0,0.0
26,IE,0,40.0,0.0,0.0
26,FJ,0,40.0,0.0,0.0
26,JF,0,40.0,0.0,0.0
26,GK,0,40.0,0.0,0.0
26,KG,0,40.0,0.0,0.0
26,HL,0,40.0,0.0,0.0
26,LH,0,40.0,0.0,0.0
26,IM,0,40.0,0.0,0.0
26,MI,0,40.0,0.0,0.0
26,JN,0,40.0,0.0,0.0
26,NJ,0,40.0,0.0,0.0
26,KO,0,40.0,0.0,0.0
26,OK,0,40.0,0.0,0.0
26,LP,0,40.0,0.0,0.0
26,PL,0,40.0,0.0,0.0
27,AB,9,24.0,0.9,0.36
27,BA,0,40.0,0.0,0.0
27,BC,0,40.0,0.0,0.0
27,CB,0,40.0,0.0,0.0
27,CD,0,40.0,0.0,0.0
27,DC,0,40.0,0.0,0.0
27,EF,0,50.0,0.0,0.0
27,FE,0,50.0,0.0,0.0
27,FG,0,50.0,0.0,0.5
27,GF,0,50.0,0.0,0.5
27,GH,0,50.0,0.0,0.0
27,HG,0,50.0,0.0,0.0
27,IJ,0,50.0,0.0,0.0
27,JI,0,50.0,0.0,0.0
27,JK,0,50.0,0.0,0.0
27,KJ,0,50.0,0.0,0.0
27,KL,0,50.0,0.0,0.0
27,LK,0,50.0,0.0,0.0
27,MN,0,40.0,0.0,0.0
27,NM,0,40.0,0.0,0.0
27,NO,0,40.0,0.0,0.0
27,ON,0,40.0,0.0,0.0
27,OP,0,40.0,0.0,0.0
27,PO,0,40.0,0.0,0.0
27,AE,10,20.0,1.0,0.5
27,EA,0,40.0,0.0,0.0
27,BF,0,40.0,0.0,0.0
27,FB,0,40.0,0.0,0.0
27,CG,0,40.0,0.0,0.0
27,GC,0,40.0,0.0,0.0
27,DH,0,40.0,0.0,0.0
27,HD,0,40.0,0.0,0.0
27,EI,0,40.0,0.0,0.0
27,IE,0,40.0,0.0,0.0
27,FJ,0,40.0,0.0,0.0
27,JF,0,40.0,0.0,0.0
27,GK,0,40.0,0.0,0.0
27,KG,0,40.0,0.0,0.0
27,HL,0,40.0,0.0,0.0
27,LH,0,40.0,0.0,0.0
27,IM,0,40.0,0.0,0.0
27,MI,0,40.0,0.0,0.0
27,JN,0,40.0,0.0,0.0
27,NJ,0,40.0,0.0,0.0
27,KO,0,40.0,0.0,0.0
27,OK,0,40.0,0.0,0.0
27,LP,0,40.0,0.0,0.0
27,PL,0,40.0,0.0,0.0
28,AB,10,20.0,1.0,0.5
28,BA,0,40.0,0.0,0.0
28,BC,0,40.0,0.0,0.0
28,CB,0,40.0,0.0,0.0
28,CD,0,40.0,0.0,0.0
28,DC,0,40.0,0.0,0.0
28,EF,0,50.0,0.0,0.0
28,FE,0,50.0,0.0,0.0
28,FG,0,50.0,0.0,0.5
28,GF,0,50.0,0.0,0.5
28,GH,0,50.0,0.0,0.0
28,HG,0,50.0,0.0,0.0
28,IJ,0,50.0,0.0,0.0
28,JI,0,50.0,0.0,0.0
28,JK,0,50.0,0.0,0.0
28,KJ,0,50.0,0.0,0.0
28,KL,0,50.0,0.0,0.0
28,LK,0,50.0,0.0,0.0
28,MN,0,40.0,0.0,0.0
28,NM,0,40.0,0.0,0.0
28,NO,0,40.0,0.0,0.0
28,ON,0,40.0,0.0,0.0
28,OP,0,40.0,0.0,0.0
28,PO,0,40.0,0.0,0.0
28,AE,10,20.0,1.0,0.5
28,EA,0,40.0,0.0,0.0
28,BF,0,40.0,0.0,0.0
28,FB,0,40.0,0.0,0.0
28,CG,0,40.0,0.0,0.0
28,GC,0,40.0,0.0,0.0
28,DH,0,40.0,0.0,0.0
28,HD,0,40.0,0.0,0.0
28,EI,0,40.0,0.0,0.0
28,IE,0,40.0,0.0,0.0
28,FJ,0,40.0,0.0,0.0
28,JF,0,40.0,0.0,0.0
28,GK,0,40.0,0.0,0.0
28,KG,0,40.0,0.0,0.0
28,HL,0,40.0,0.0,0.0
28,LH,0,40.0,0.0,0.0
28,IM,0,40.0,0.0,0.0
28,MI,0,40.0,0.0,0.0
28,JN,0,40.0,0.0,0.0
28,NJ,0,40.0,0.0,0.0
28,KO,0,40.0,0.0,0.0
28,OK,0,40.0,0.0,0.0
28,LP,0,40.0,0.0,0.0
28,PL,0,40.0,0.0,0.0
29,AB,10,20.0,1.0,0.5
29,BA,0,40.0,0.0,0.0
29,BC,0,40.0,0.0,0.0
29,CB,0,40.0,0.0,0.0
29,CD,0,40.0,0.0,0.0
29,DC,0,40.0,0.0,0.0
29,EF,0,50.0,0.0,0.0
29,FE,0,50.0,0.0,0.0
29,FG,0,50.0,0.0,0.5
29,GF,0,50.0,0.0,0.5
29,GH,0,50.0,0.0,0.0
29,HG,0,50.0,0.0,0.0
29,IJ,0,50.0,0.0,0.0
29,JI,0,50.0,0.0,0.0
29,JK,0,50.0,0.0,0.0
29,KJ,0,50.0,0.0,0.0
29,KL,0,50.0,0.0,0.0
29,LK,0,50.0,0.0,0.0
29,MN,0,40.0,0.0,0.0
29,NM,0,40.0,0.0,0.0
29,NO,0,40.0,0.0,0.0
29,ON,0,40.0,0.0,0.0
29,OP,0,40.0,0.0,0.0
29,PO,0,40.0,0.0,0.0
29,AE,10,20.0,1.0,0.5
29,EA,0,40.0,0.0,0.0
29,BF,0,40.0,0.0,0.0
29,FB,0,40.0,0.0,0.0
29,CG,0,40.0,0.0,0.0
29,GC,0,40.0,0.0,0.0
29,DH,0,40.0,0.0,0.0
29,HD,0,40.0,0.0,0.0
29,EI,0,40.0,0.0,0.0
29,IE,0,40.0,0.0,0.0
29,FJ,0,40.0,0.0,0.0
29,JF,0,40.0,0.0,0.0
29,GK,0,40.0,0.0,0.0
29,KG,0,40.0,0.0,0.0
29,HL,0,40.0,0.0,0.0
29,LH,0,40.0,0.0,0.0
29,IM,0,40.0,0.0,0.0
29,MI,0,40.0,0.0,0.0
29,JN,0,40.0,0.0,0.0
29,NJ,0,40.0,0.0,0.0
29,KO,0,40.0,0.0,0.0
29,OK,0,40.0,0.0,0.0
29,LP,0,40.0,0.0,0.0
29,PL,0,40.0,0.0,0.0
30,AB,10,20.0,1.0,0.5
30,BA,0,40.0,0.0,0.0
30,BC,0,40.0,0.0,0.0
30,CB,0,40.0,0.0,0.0
30,CD,0,40.0,0.0,0.0
30,DC,0,40.0,0.0,0.0
30,EF,0,50.0,0.0,0.0
30,FE,0,50.0,0.0,0.0
30,FG,0,50.0,0.0,0.5
30,GF,0,50.0,0.0,0.5
30,GH,0,50.0,0.0,0.0
30,HG,0,50.0,0.0,0.0
30,IJ,0,50.0,0.0,0.0
30,JI,0,50.0,0.0,0.0
30,JK,0,50.0,0.0,0.0
30,KJ,0,50.0,0.0,0.0
30,KL,0,50.0,0.0,0.0
30,LK,0,50.0,0.0,0.0
30,MN,0,40.0,0.0,0.0
30,NM,0,40.0,0.0,0.0
30,NO,0,40.0,0.0,0.0
30,ON,0,40.0,0.0,0.0
30,OP,0,40.0,0.0,0.0
30,PO,0,40.0,0.0,0.0
30,AE,10,20.0,1.0,0.5
30,EA,0,40.0,0.0,0.0
30,BF,0,40.0,0.0,0.0
30,FB,0,40.0,0.0,0.0
30,CG,0,40.0,0.0,0.0
30,GC,0,40.0,0.0,0.0
30,DH,0,40.0,0.0,0.0
30,HD,0,40.0,0.0,0.0
30,EI,0,40.0,0.0,0.0
30,IE,0,40.0,0.0,0.0
30,FJ,0,40.0,0.0,0.0
30,JF,0,40.0,0.0,0.0
30,GK,0,40.0,0.0,0.0
30,KG,0,40.0,0.0,0.0
30,HL,0,40.0,0.0,0.0
30,LH,0,40.0,0.0,0.0
30,IM,0,40.0,0.0,0.0
30,MI,0,40.0,0.0,0.0
30,JN,0,40.0,0.0,0.0
30,NJ,0,40.0,0.0,0.0
30,KO,0,40.0,0.0,0.0
30,OK,0,40.0,0.0,0.0
30,LP,0,40.0,0.0,0.0
30,PL,0,40.0,0.0,0.0
